parameter,value,unit,source,note
n_exposed,61,persons,Hamner et al. 2020,"Total attendees at March 10 practice"
n_secondary_cases,52,persons,Hamner et al. 2020,"Confirmed + probable cases (excluding index)"
n_confirmed,32,persons,Hamner et al. 2020,"RT-PCR positive"
n_probable,20,persons,Hamner et al. 2020,"Symptomatic, clinical criteria"
attack_rate,0.867,dimensionless,Hamner et al. 2020,"52/60 susceptible"
exposure_duration,150,minutes,Hamner et al. 2020,"2.5 hour practice"
incubation_median,3,days,Hamner et al. 2020,"Observed symptom onset timing"
incubation_min,1,days,Hamner et al. 2020,"Earliest symptom onset"
incubation_max,12,days,Hamner et al. 2020,"Latest symptom onset"
incubation_concentrated_fraction,0.925,dimensionless,Hamner et al. 2020,"49/53 cases onset days 1-5"
chair_spacing_min,6,inches,Hamner et al. 2020,"Seating arrangement"
chair_spacing_max,10,inches,Hamner et al. 2020,"Seating arrangement"
n_hospitalized,3,persons,Hamner et al. 2020,""
n_deaths,2,persons,Hamner et al. 2020,""
hospitalization_rate,0.057,dimensionless,Hamner et al. 2020,"3/53"
case_fatality_rate,0.038,dimensionless,Hamner et al. 2020,"2/53"
